colDane,sede,tipo
"111001000132","SEDE UNO","manana"
"111001000132","SEDE UNO","tarde"
"111001029955","SEDE UNO","manana"
"111001029955","SEDE UNO","tarde"
"111001044806","SEDE UNO","unica"
"111001046957","SEDE UNO","manana"
"111001046957","SEDE UNO","tarde"
"111001086681","SEDE UNO","manana"
"111001086681","SEDE UNO","tarde"
"111001102059","SEDE UNO","unica"
"111001107743","SEDE UNO","manana"
"111001107743","SEDE UNO","tarde"
"111001107743","TORCA","unica"
"111848002662","SEDE UNO","manana"
"111848002662","SEDE UNO","tarde"
"111848002689","SEDE UNO","tarde"
"111848003031","SEDE UNO","unica"
"111848003910","SEDE UNO","tarde"
"111001098612","SEDE UNO","unica"
"311001003271","SEDE UNO","unica"
"311848002271","SEDE UNO","unica"
"311001032246","SEDE UNO","unica"
"311769002214","SEDE UNO","unica"
"311848000413","SEDE UNO","unica"
"311848000456","SEDE UNO","unica"
"311848000481","SEDE UNO","unica"
"311848000588","SEDE UNO","unica"
"311848000707","SEDE UNO","unica"
"311848000782","SEDE UNO","unica"
"311848002416","SEDE UNO","unica"
"311848002459","SEDE UNO","unica"
"311848002611","SEDE UNO","unica"
"311848002866","SEDE UNO","unica"
"311848002874","SEDE UNO","unica"
"411848001058","SEDE UNO","unica"
"111001016314","SEDE UNO","unica"
"111001034665","SEDE UNO","unica"
"111001102156","SEDE UNO","manana"
"111001102156","SEDE UNO","tarde"
"311001000832","SEDE UNO","unica"
"311001001022","SEDE UNO","unica"
"311001004706","SEDE UNO","unica"
"311001032840","SEDE UNO","unica"
"111001009831","SEDE UNO","unica"
"111001010839","SEDE UNO","unica"
"111001032409","SEDE UNO","unica"
"111001036544","SEDE UNO","manana"
"111001036544","SEDE UNO","tarde"
"111001094901","SEDE UNO","unica"
"111001102067","SEDE UNO","manana"
"111001102067","SEDE UNO","tarde"
"211001065271","SEDE UNO","unica"
"311001026441","SEDE UNO","manana"
"311001026441","SEDE UNO","tarde"
"311001000328","SEDE UNO","unica"
"311001008949","SEDE UNO","unica"
"111001100030","SEDE UNO","unica"
"111001012033","SEDE UNO","manana"
"111001012033","SEDE UNO","tarde"
"111001012301","SEDE UNO","manana"
"111001012301","SEDE UNO","tarde"
"111001012335","SEDE UNO","manana"
"111001012335","SEDE UNO","tarde"
"111001014168","SEDE UNO","manana"
"111001014168","SEDE UNO","tarde"
"111001014176","SEDE UNO","manana"
"111001014176","SEDE UNO","tarde"
"111001014451","SEDE UNO","manana"
"111001014451","SEDE UNO","tarde"
"111001015903","SEDE UNO","manana"
"111001015903","SEDE UNO","tarde"
"111001015911","SEDE UNO","manana"
"111001015911","SEDE UNO","tarde"
"111001016004","SEDE UNO","manana"
"111001016004","SEDE UNO","tarde"
"111001018252","SEDE UNO","unica"
"111001018309","SEDE UNO","manana"
"111001018309","SEDE UNO","tarde"
"111001018325","SEDE UNO","manana"
"111001018325","SEDE UNO","tarde"
"111001018333","SEDE UNO","manana"
"111001018333","SEDE UNO","tarde"
"111001018341","SEDE UNO","manana"
"111001018341","SEDE UNO","tarde"
"111001018368","SEDE UNO","manana"
"111001018368","SEDE UNO","tarde"
"111001018384","SEDE UNO","manana"
"111001018384","SEDE UNO","tarde"
"111001024686","SEDE UNO","manana"
"111001024686","SEDE UNO","tarde"
"111001027324","SEDE UNO","manana"
"111001027324","SEDE UNO","tarde"
"111001030066","SEDE UNO","manana"
"111001030066","SEDE UNO","tarde"
"111001030864","SEDE UNO","manana"
"111001030864","SEDE UNO","tarde"
"111001032280","SEDE UNO","manana"
"111001032280","SEDE UNO","unica"
"111001032433","SEDE UNO","unica"
"111001034011","SEDE UNO","unica"
"111001035530","SEDE UNO","manana"
"111001035530","SEDE UNO","tarde"
"111001035602","SEDE UNO","manana"
"111001035602","SEDE UNO","tarde"
"111001046621","SEDE UNO","manana"
"111001046621","SEDE UNO","tarde"
"111001086789","SEDE UNO","manana"
"111001086789","SEDE UNO","tarde"
"111001102075","SEDE UNO","manana"
"111001102075","SEDE UNO","tarde"
"111001098817","SEDE UNO","unica"
"111001098825","SEDE UNO","unica"
"311001002461","SEDE UNO","unica"
"311001002843","SEDE UNO","unica"
"311001006601","SEDE UNO","unica"
"311001009040","SEDE UNO","unica"
"311001029474","SEDE UNO","unica"
"311001034117","SEDE UNO","unica"
"111001020338","SEDE UNO","unica"
"111001013820","SEDE UNO","manana"
"111001013820","SEDE UNO","tarde"
"111001013935","SEDE UNO","unica"
"111001016039","SEDE UNO","manana"
"111001016039","SEDE UNO","tarde"
"111001024643","SEDE UNO","manana"
"111001024643","SEDE UNO","tarde"
"111001030872","SEDE UNO","manana"
"111001030872","SEDE UNO","tarde"
"111001041556","SEDE UNO","manana"
"111001041556","SEDE UNO","tarde"
"111001044270","SEDE UNO","manana"
"111001044270","EL VIRREY ULTIMA ETAPA","tarde"
"111001045705","SEDE UNO","manana"
"111001045705","SEDE UNO","tarde"
"111001046485","SEDE UNO","manana"
"111001046485","SEDE UNO","tarde"
"111001046931","SEDE UNO","manana"
"111001046931","SEDE UNO","tarde"
"111001065234","SEDE UNO","manana"
"111001065234","SEDE UNO","tarde"
"111001076201","SEDE UNO","manana"
"111001076201","SEDE UNO","tarde"
"111001076201","DIEGO MONTAÑA CUELLAR ","manana"
"111001076201","DIEGO MONTAÑA CUELLAR ","tarde"
"111001077895","SEDE UNO","manana"
"111001077895","SEDE UNO","tarde"
"111001077917","SEDE UNO","manana"
"111001077917","SEDE UNO","unica"
"111001078638","SEDE UNO","manana"
"111001078638","SEDE UNO","tarde"
"111001083011","SEDE UNO","manana"
"111001083011","SEDE UNO","tarde"
"111001086614","SEDE UNO","manana"
"111001086614","SEDE UNO","tarde"
"111001094439","SEDE UNO","manana"
"111001094439","SEDE UNO","tarde"
"111001098868","SEDE UNO","unica"
"111001104337","SEDE UNO","manana"
"111001104337","SEDE UNO","tarde"
"111001107760","SEDE UNO","manana"
"111001107760","SEDE UNO","tarde"
"111850000740","SEDE UNO","manana"
"111850000740","SEDE UNO","tarde"
"111850001380","SEDE UNO","manana"
"111850001380","SEDE UNO","unica"
"111850001428","SEDE UNO","manana"
"111850001428","SEDE UNO","tarde"
"111850001461","SEDE UNO","manana"
"111850001461","SEDE UNO","tarde"
"111850001576","SEDE UNO","manana"
"111850001576","SEDE UNO","tarde"
"211001032501","SEDE UNO","manana"
"211001032501","SEDE UNO","tarde"
"211001094832","SEDE UNO","manana"
"211001094832","SEDE UNO","tarde"
"211850000051","SEDE UNO","manana"
"211850000051","SEDE UNO","tarde"
"211850000787","SEDE UNO","manana"
"211850000787","SEDE UNO","unica"
"211850000876","SEDE UNO","unica"
"211850000931","SEDE UNO","manana"
"211850000931","SEDE UNO","tarde"
"211850000981","SEDE UNO","manana"
"211850000981","SEDE UNO","tarde"
"211850001481","SEDE UNO","manana"
"211850001481","SEDE UNO","tarde"
"111001098833","SEDE UNO","unica"
"111001098841","SEDE UNO","unica"
"111001098850","SEDE UNO","unica"
"111001100081","SEDE UNO","unica"
"111001102008","SEDE UNO","unica"
"311001046689","SEDE UNO","unica"
"311001065357","SEDE UNO","unica"
"411001086561","SEDE UNO","unica"
"111001009652","SEDE UNO","manana"
"111001009652","SEDE UNO","tarde"
"111001010251","SEDE UNO","manana"
"111001010251","SEDE UNO","tarde"
"111001011011","SEDE UNO","manana"
"111001011011","SEDE UNO","tarde"
"111001012271","SEDE UNO","manana"
"111001012271","SEDE UNO","tarde"
"111001014206","SEDE UNO","manana"
"111001014206","SEDE UNO","tarde"
"111001014214","SEDE UNO","manana"
"111001014214","SEDE UNO","tarde"
"111001018201","SEDE UNO","unica"
"111001019411","SEDE UNO","manana"
"111001019411","SEDE UNO","tarde"
"111001032450","SEDE UNO","manana"
"111001032450","SEDE UNO","tarde"
"111001075736","SEDE UNO","manana"
"111001075736","SEDE UNO","tarde"
"111001075957","SEDE UNO","manana"
"111001075957","SEDE UNO","tarde"
"111001075957","SAN CARLOS","tarde"
"111001086631","SEDE UNO","manana"
"111001086631","SEDE UNO","tarde"
"311001003971","SEDE UNO","unica"
"311001005311","SEDE UNO","unica"
"311001008213","SEDE UNO","unica"
"311001088608","SEDE UNO","unica"
"111001106950","SEDE UNO","manana"
"111001106950","SEDE UNO","tarde"
"111001104299","SEDE UNO","manana"
"111001104299","SEDE UNO","tarde"
"211102000995","SEDE UNO","manana"
"211102000995","SEDE UNO","tarde"
"111001104329","SEDE UNO","manana"
"111001104329","SEDE UNO","tarde"
"111001107875","SEDE UNO","manana"
"111001107875","SEDE UNO","tarde"
"111001107883","SEDE UNO","manana"
"111001107883","SEDE UNO","tarde"
"211102000243","SEDE UNO","manana"
"211102000243","SEDE UNO","tarde"
"211102000243","EL RECUERDO","manana"
"211102000243","EL RECUERDO","tarde"
"111102000753","SEDE UNO","manana"
"111102000753","SEDE UNO","tarde"
"111102000621","SEDE UNO","manana"
"111102000621","SEDE UNO","tarde"
"111001107832","SEDE UNO","manana"
"111001107832","SEDE UNO","tarde"
"111001046477","SEDE UNO","unica"
"111001046591","SEDE UNO","manana"
"111001046591","SEDE UNO","tarde"
"111001106968","SEDE UNO","manana"
"111001106968","SEDE UNO","tarde"
"111001107867","SEDE UNO","manana"
"111001107867","SEDE UNO","tarde"
"111001086754","SEDE UNO","unica"
"111001104183","SEDE UNO","manana"
"111001104183","SEDE UNO","tarde"
"111001086606","SEDE UNO","unica"
"111102000265","SEDE UNO","manana"
"111102000265","SEDE UNO","tarde"
"111001104302","SEDE UNO","manana"
"111001104302","SEDE UNO","tarde"
"111102000281","SEDE UNO","manana"
"111102000281","SEDE UNO","tarde"
"111102000958","SEDE UNO","manana"
"111102000958","SEDE UNO","tarde"
"211102000201","SEDE UNO","manana"
"211102000201","SEDE UNO","tarde"
"211001076958","SEDE UNO","manana"
"211001076958","SEDE UNO","tarde"
"111001002909","SEDE UNO","manana"
"111001002909","SEDE UNO","tarde"
"111001010031","SEDE UNO","manana"
"111001010031","SEDE UNO","tarde"
"111001013676","SEDE UNO","manana"
"111001013676","SEDE UNO","tarde"
"111001014109","BRASILIA - BOSA","manana"
"111001014109","BRASILIA - BOSA","unica"
"111001100064","SEDE UNO","unica"
"111001098876","SEDE UNO","unica"
"111001098884","SEDE UNO","unica"
"111001104051","SEDE UNO","unica"
"111001100072","SEDE UNO","unica"
"311001035300","SEDE UNO","unica"
"311001036292","SEDE UNO","unica"
"311001047839","SEDE UNO","unica"
"311001065039","SEDE UNO","unica"
"311001087555","SEDE UNO","unica"
"311001089191","SEDE UNO","unica"
"311001096414","SEDE UNO","unica"
"311001097640","SEDE UNO","unica"
"311001107165","SEDE UNO","unica"
"311102000086","SEDE UNO","unica"
"111001086649","SEDE UNO","manana"
"111001086649","SEDE UNO","tarde"
"111001016098","SEDE UNO","unica"
"111001000124","SEDE UNO","manana"
"111001000124","SEDE UNO","tarde"
"111001011321","SEDE UNO","manana"
"111001011321","SEDE UNO","tarde"
"111001076767","SEDE UNO","manana"
"111001076767","SEDE UNO","tarde"
"111001013129","SEDE UNO","manana"
"111001013129","SEDE UNO","tarde"
"111001104558","SEDE UNO","manana"
"111001104558","SEDE UNO","tarde"
"111001001279","SEDE UNO","manana"
"111001001279","SEDE UNO","tarde"
"111001098906","SEDE UNO","manana"
"111001098906","SEDE UNO","tarde"
"111001098906","SEDE UNO","manana"
"111001098906","SEDE UNO","tarde"
"111001012360","SEDE UNO","manana"
"111001012360","SEDE UNO","tarde"
"111001014974","SEDE UNO","unica"
"111001104281","SEDE UNO","manana"
"111001104281","SEDE UNO","tarde"
"111001106984","SEDE UNO","manana"
"111001106984","SEDE UNO","tarde"
"111001024732","SEDE UNO","manana"
"111001024732","SEDE UNO","tarde"
"111001086771","SEDE UNO","manana"
"111001086771","SEDE UNO","tarde"
"111001016071","SEDE UNO","manana"
"111001016071","SEDE UNO","tarde"
"111001027405","SEDE UNO","manana"
"111001027405","SEDE UNO","tarde"
"111001026964","SEDE UNO","manana"
"111001026964","SEDE UNO","tarde"
"111001016292","SEDE UNO","manana"
"111001016292","SEDE UNO","tarde"
"111001011690","SEDE UNO","manana"
"111001011690","SEDE UNO","tarde"
"111001016136","SEDE UNO","manana"
"111001016136","SEDE UNO","tarde"
"111001034045","SEDE UNO","manana"
"111001034045","SEDE UNO","tarde"
"111001015598","SEDE UNO","manana"
"111001015598","SEDE UNO","tarde"
"111001016101","SEDE UNO","unica"
"111001027391","SEDE UNO","manana"
"111001027391","SEDE UNO","tarde"
"111001014290","SEDE UNO","manana"
"111001014290","SEDE UNO","tarde"
"111001010910","SEDE UNO","manana"
"111001010910","SEDE UNO","tarde"
"111001024660","SEDE UNO","manana"
"111001024660","SEDE UNO","tarde"
"111001015601","SEDE UNO","manana"
"111001015601","SEDE UNO","tarde"
"111001033898","SEDE UNO","manana"
"111001033898","SEDE UNO","tarde"
"111001013153","SEDE UNO","manana"
"111001013153","SEDE UNO","tarde"
"111001027308","SEDE UNO","unica"
"111001107778","SEDE UNO","manana"
"111001107778","SEDE UNO","tarde"
"111001013161","SEDE UNO","unica"
"111001102083","SEDE UNO","manana"
"111001102083","SEDE UNO","tarde"
"111001013102","SEDE UNO","manana"
"111001013102","SEDE UNO","tarde"
"111001013170","SEDE UNO","manana"
"111001013170","SEDE UNO","tarde"
"111001012343","SEDE UNO","manana"
"111001012343","SEDE UNO","tarde"
"111001079154","SEDE UNO","manana"
"111001079154","SEDE UNO","tarde"
"111001098892","SEDE UNO","unica"
"111001100048","SEDE UNO","unica"
"111001100056","SEDE UNO","unica"
"311001004374","SEDE UNO","unica"
"311001027803","SEDE UNO","unica"
"311001029521","SEDE UNO","unica"
"311001033277","SEDE UNO","unica"
"311001033480","SEDE UNO","unica"
"311001036900","SEDE UNO","unica"
"311001010382","SEDE UNO","unica"
"311001041806","SEDE UNO","unica"
"311001041873","SEDE UNO","unica"
"311001050252","SEDE UNO","unica"
"311001087121","SEDE UNO","unica"
"311001107637","SEDE UNO","unica"
"311001109265","SEDE UNO","unica"
"111279000061","SEDE UNO","manana"
"111279000061","SEDE UNO","tarde"
"111279001296","SEDE UNO","manana"
"111279001296","SEDE UNO","tarde"
"111001104272","SEDE UNO","manana"
"111001104272","SEDE UNO","tarde"
"111279000362","SEDE UNO","unica"
"111279000168","SEDE UNO","manana"
"111279000168","SEDE UNO","tarde"
"111279000966","SEDE UNO","manana"
"111279000966","SEDE UNO","tarde"
"111279000184","SEDE UNO","manana"
"111279000184","SEDE UNO","tarde"
"111001102199","SEDE UNO","unica"
"111001014346","SEDE UNO","manana"
"111001014346","SEDE UNO","tarde"
"111279000125","SEDE UNO","manana"
"111279000125","SEDE UNO","tarde"
"311001006130","SEDE UNO","unica"
"311001107581","SEDE UNO","unica"
"311279000094","SEDE UNO","unica"
"311279000281","SEDE UNO","unica"
"311279000311","SEDE UNO","unica"
"311279000396","SEDE UNO","unica"
"311279000906","SEDE UNO","unica"
"111001006483","SEDE UNO","manana"
"111001006483","SEDE UNO","tarde"
"111265000343","SEDE UNO","manana"
"111265000343","SEDE UNO","tarde"
"111001108901","SEDE UNO","manana"
"111001108901","SEDE UNO","tarde"
"111001015458","SEDE UNO","manana"
"111001015458","SEDE UNO","tarde"
"111001033979","SEDE UNO","manana"
"111001033979","SEDE UNO","tarde"
"111265000025","SEDE UNO","manana"
"111265000025","SEDE UNO","tarde"
"111001034002","SEDE UNO","unica"
"111001036625","SEDE UNO","unica"
"111001010740","SEDE UNO","unica"
"111001009580","SEDE UNO","manana"
"111001009580","SEDE UNO","tarde"
"111001000272","SEDE UNO","manana"
"111001000272","SEDE UNO","tarde"
"111001015806","SEDE UNO","manana"
"111001015806","ANDALUCIA","tarde"
"111001011771","SEDE UNO","manana"
"111001011771","SEDE UNO","tarde"
"111265000017","SEDE UNO","unica"
"111001017795","SEDE UNO","manana"
"111001017795","SEDE UNO","tarde"
"111001046299","SEDE UNO","manana"
"111001046299","SEDE UNO","tarde"
"111001001121","SEDE UNO","manana"
"111001001121","SEDE UNO","tarde"
"111001011070","SEDE UNO","manana"
"111001011070","SEDE UNO","tarde"
"111001012441","SEDE UNO","unica"
"111001013293","SEDE UNO","manana"
"111001013293","JAIRO A. NIÑO","tarde"
"111001035521","SEDE UNO","manana"
"111001035521","SEDE UNO","tarde"
"111265000408","SEDE UNO","manana"
"111265000408","SEDE UNO","tarde"
"111001001538","SEDE UNO","unica"
"111001104035","SEDE UNO","manana"
"111001104035","SEDE UNO","tarde"
"111001015814","SEDE UNO","manana"
"111001015814","SEDE UNO","tarde"
"111001009971","SEDE UNO","manana"
"111001009971","SEDE UNO","tarde"
"111001009521","SEDE UNO","manana"
"111001009521","SEDE UNO","tarde"
"111001109550","SEDE UNO","manana"
"111001109550","SEDE UNO","tarde"
"111001012459","SEDE UNO","manana"
"111001012459","SEDE UNO","tarde"
"111265000394","SEDE UNO","manana"
"111265000394","SEDE UNO","tarde"
"111001012483","SEDE UNO","manana"
"111001012483","SEDE UNO","tarde"
"111001108456","SEDE UNO","manana"
"111001108456","SEDE UNO","tarde"
"111001025216","SEDE UNO","unica"
"111001098922","SEDE UNO","unica"
"111001098931","SEDE UNO","unica"
"311001000531","SEDE UNO","unica"
"311001001081","SEDE UNO","unica"
"311001009031","SEDE UNO","unica"
"311001019053","SEDE UNO","unica"
"311001025878","SEDE UNO","unica"
"311001027056","SEDE UNO","unica"
"311001040630","SEDE UNO","unica"
"311001044473","SEDE UNO","unica"
"311001088331","SEDE UNO","unica"
"311001094811","SEDE UNO","unica"
"311001096228","SEDE UNO","unica"
"311001097259","SEDE UNO","unica"
"311001109036","SEDE UNO","unica"
"311265000369","SEDE UNO","unica"
"311265001152","SEDE UNO","unica"
"111001025020","SEDE UNO","manana"
"111001025020","SEDE UNO","tarde"
"111001093084","SEDE UNO","manana"
"111001093084","SEDE UNO","tarde"
"111769001502","SEDE UNO","manana"
"111769001502","SEDE UNO","tarde"
"211769003151","SEDE UNO","manana"
"211769003151","NICOLAS B","tarde"
"111001104256","SEDE UNO","unica"
"111769000247","SEDE UNO","manana"
"111769000247","SEDE UNO","tarde"
"111001104264","SEDE UNO","manana"
"111001104264","SEDE UNO","tarde"
"111769003424","SEDE UNO","unica"
"111001104388","SEDE UNO","manana"
"111001104388","SEDE UNO","tarde"
"111001075515","SEDE UNO","manana"
"111001075515","SEDE UNO","tarde"
"111769004188","SEDE UNO","manana"
"111769004188","SEDE UNO","tarde"
"111001015776","SEDE UNO","unica"
"111769003416","SEDE UNO","manana"
"111769003416","SEDE UNO","tarde"
"111001002330","SEDE UNO","manana"
"111001002330","SEDE UNO","tarde"
"111001094889","SEDE UNO","manana"
"111001094889","SEDE UNO","tarde"
"111001075272","SEDE UNO","unica"
"111769001871","SEDE UNO","unica"
"111769000956","SEDE UNO","manana"
"111769000956","SEDE UNO","tarde"
"111001086665","SEDE UNO","unica"
"111769003360","SEDE UNO","manana"
"111769003360","SEDE UNO","tarde"
"111769000174","SEDE UNO","unica"
"111001045225","SEDE UNO","manana"
"111001045225","SEDE UNO","tarde"
"111001107077","SEDE UNO","manana"
"111001107077","SEDE UNO","tarde"
"111769003122","SEDE UNO","unica"
"111001107069","SEDE UNO","manana"
"111001107069","SEDE UNO","tarde"
"111769003114","SEDE UNO","manana"
"111769003114","SEDE UNO","tarde"
"111001098949","SEDE UNO","unica"
"111001104043","SEDE UNO","unica"
"311001000590","SEDE UNO","unica"
"311001000735","SEDE UNO","unica"
"311001001626","SEDE UNO","unica"
"311001002576","SEDE UNO","unica"
"311001011460","SEDE UNO","unica"
"311001033676","SEDE UNO","unica"
"311001033838","SEDE UNO","unica"
"311001050023","SEDE UNO","unica"
"311001065420","SEDE UNO","unica"
"311001076634","SEDE UNO","unica"
"311001076677","SEDE UNO","unica"
"311001087253","SEDE UNO","unica"
"311001089221","SEDE UNO","unica"
"311001090793","SEDE UNO","unica"
"311001091129","SEDE UNO","unica"
"311001091315","SEDE UNO","unica"
"311001092907","SEDE UNO","unica"
"311001093130","SEDE UNO","unica"
"311001101019","SEDE UNO","unica"
"311001105383","SEDE UNO","unica"
"311001107190","SEDE UNO","unica"
"311001107645","SEDE UNO","unica"
"311001109257","SEDE UNO","unica"
"311769000564","SEDE UNO","unica"
"311769000734","SEDE UNO","unica"
"311769000785","SEDE UNO","unica"
"311769000823","SEDE UNO","unica"
"311769000921","SEDE UNO","unica"
"311769000980","SEDE UNO","unica"
"311769002010","SEDE UNO","unica"
"311769002451","SEDE UNO","unica"
"311769002796","SEDE UNO","unica"
"311769003211","SEDE UNO","unica"
"311769004225","SEDE UNO","unica"
"311769004365","SEDE UNO","unica"
"311848000961","SEDE UNO","unica"
"411769000119","SEDE UNO","unica"
"111001024830","SEDE UNO","unica"
"111001077321","SEDE UNO","unica"
"111001000612","SEDE A","unica"
"111001009148","SEDE UNO","manana"
"111001009148","SEDE B","tarde"
"111001009148","SEDE UNO","unica"
"111001010421","SEDE UNO","manana"
"111001010421","SEDE UNO","tarde"
"111001029912","SEDE UNO","manana"
"111001029912","SEDE UNO","tarde"
"111001028258","SEDE UNO","unica"
"111001011088","SEDE UNO","unica"
"111001008389","SEDE UNO","manana"
"111001008389","SEDE UNO","tarde"
"111001032255","SEDE UNO","manana"
"111001032255","SEDE UNO","tarde"
"311001001031","SEDE UNO","unica"
"311001001839","SEDE UNO","unica"
"311001016976","SEDE UNO","unica"
"111001010731","SEDE UNO","manana"
"111001010731","SEDE UNO","tarde"
"111001094897","SEDE UNO","unica"
"311001004471","SEDE UNO","unica"
"311001001871","SEDE UNO","unica"
"311279000043","SEDE UNO","unica"
"311001108722","SEDE UNO","unica"
"311001005583","SEDE UNO","unica"
"311001038201","SEDE UNO","unica"
"111001014001","SEDE UNO","manana"
"111001014001","SEDE UNO","tarde"
"111001025313","SEDE UNO","unica"
"111001019526","SEDE UNO","manana"
"111001019526","SEDE UNO","tarde"
"111001030856","SEDE UNO","unica"
"111001016250","SEDE UNO","manana"
"111001016250","SEDE UNO","tarde"
"111001041459","SEDE UNO","manana"
"111001041459","SEDE UNO","tarde"
"111001102181","SEDE UNO","manana"
"111001102181","SEDE UNO","tarde"
"111001026069","SEDE UNO","manana"
"111001026069","SEDE UNO","tarde"
"311001017557","SEDE UNO","unica"
"311001028222","SEDE UNO","unica"
"111001012602","SEDE UNO","manana"
"111001012602","SEDE UNO","unica"
"111001011908","SEDE UNO","unica"
"111001014630","SEDE UNO","manana"
"111001014630","SEDE UNO","unica"
"111001011053","SEDE UNO","manana"
"111001011053","SEDE UNO","unica"
"111001086720","SEDE UNO","unica"
"311001005737","SEDE UNO","unica"
"311001000883","SEDE UNO","unica"
"311001001162","SEDE UNO","unica"
"311001033463","SEDE UNO","unica"
"311001008931","SEDE UNO","unica"
"311001036217","SEDE UNO","unica"
"111001011274","SEDE UNO","manana"
"111001011274","SEDE UNO","tarde"
"111001014745","SEDE UNO","unica"
"111001012963","SEDE UNO","manana"
"111001012963","REPUBLICA DE FRANCIA","tarde"
"111001000078","SEDE UNO","unica"
"111001012530","SEDE UNO","manana"
"111001012530","SEDE UNO","tarde"
"111001012556","SEDE UNO","unica"
"111001014729","JOSE JOAQUIN CASAS","unica"
"111001045535","SEDE UNO","unica"
"111001102172","MUZU No. 1","manana"
"111001102172","MUZU No. 1","tarde"
"111001006122","SEDE UNO","manana"
"111001006122","SEDE UNO","tarde"
"111001065056","SEDE UNO","manana"
"111001065056","SEDE UNO","tarde"
"111001014869","SEDE UNO","manana"
"111001014869","SEDE UNO","tarde"
"111001014826","SEDE UNO","unica"
"111001011045","SEDE UNO","manana"
"111001011045","SEDE UNO","tarde"
"111001020168","SEDE UNO","manana"
"111001020168","SEDE UNO","tarde"
"311001090912","SEDE UNO","unica"
"311001015112","SEDE UNO","unica"
"311001007403","SEDE UNO","unica"
"311001033366","SEDE UNO","unica"
"311001016984","SEDE UNO","unica"
"311001019690","SEDE UNO","unica"
"111001000388","QUINTA DIAZ","manana"
"111001000388","QUINTA DIAZ","unica"
"111001102148","LA CONCORDIA","manana"
"111001102148","LA CONCORDIA","unica"
"311001003084","SEDE UNO","unica"
"311001001391","SEDE UNO","unica"
"111001015172","SEDE UNO","manana"
"111001015172","SEDE UNO","tarde"
"111001018058","REINO UNIDO DE HOLANDA","manana"
"111001018058","SEDE UNO","tarde"
"111001027383","CHIRCALES","manana"
"111001027383","CHIRCALES","tarde"
"111001015733","SEDE UNO","manana"
"111001015733","SEDE UNO","tarde"
"111001012611","SEDE UNO","manana"
"111001012611","SEDE UNO","tarde"
"111001034134","SEDE UNO","manana"
"111001034134","SEDE UNO","tarde"
"111001014958","SEDE UNO","unica"
"111001102091","NESTOR FORERO ALCALA","manana"
"111001102091","NESTOR FORERO ALCALA","tarde"
"111001102091","DIANA TURBAY","tarde"
"111001014664","SEDE UNO","manana"
"111001014664","SEDE UNO","tarde"
"111001030015","SEDE UNO","manana"
"111001030015","SEDE UNO","tarde"
"111001027332","SEDE UNO","manana"
"111001027332","SEDE UNO","tarde"
"111001027332","SEDE UNO","unica"
"111001036765","LUIS LOPEZ DE MESA","manana"
"111001036765","LUIS LOPEZ DE MESA","tarde"
"111001036765","NAZARETH","manana"
"111001036765","NAZARETH","tarde"
"111001011819","SEDE UNO","manana"
"111001011819","SEDE UNO","tarde"
"111001014591","SEDE UNO","manana"
"111001014591","SEDE UNO","tarde"
"111001107794","SEDE UNO","manana"
"111001107794","SEDE UNO","tarde"
"111001076376","SEDE UNO","manana"
"111001076376","SEDE UNO","tarde"
"111001020095","SEDE UNO","manana"
"111001020095","SEDE UNO","tarde"
"111001012815","SEDE UNO","manana"
"111001012815","SEDE UNO","tarde"
"111001012971","GENERAL PAEZ","manana"
"111001012971","SEDE UNO","tarde"
"111001011029","SEDE UNO","manana"
"111001011029","SEDE UNO","tarde"
"111001032395","SEDE UNO","unica"
"111001014028","SEDE UNO","unica"
"111001010928","SEDE UNO","manana"
"111001010928","SEDE UNO","tarde"
"111001013811","SEDE UNO","manana"
"111001013811","SEDE UNO","tarde"
"111001098965","SEDE UNO","unica"
"311001000727","SEDE UNO","unica"
"311001001332","SEDE UNO","unica"
"311001004986","SEDE UNO","unica"
"311001009007","SEDE UNO","unica"
"311001012598","SEDE UNO","unica"
"311001016828","SEDE UNO","unica"
"311001077037","SEDE UNO","unica"
"311001101850","SEDE UNO","unica"
"111001035572","SEDE UNO","manana"
"111001035572","SEDE UNO","tarde"
"111001107859","SEDE UNO","manana"
"111001107859","SEDE UNO","tarde"
"111001047571","SEDE UNO","manana"
"111001047571","SEDE UNO","tarde"
"111001030848","SEDE UNO","manana"
"111001030848","SEDE UNO","tarde"
"311001075034","SEDE UNO","unica"
"111001086801","SEDE UNO","manana"
"111001086801","SEDE UNO","tarde"
"111001096555","SEDE UNO","manana"
"111001096555","SEDE UNO","tarde"
"111001028266","SEDE UNO","unica"
"111001102130","COMPARTIR LUCERO ALTO","manana"
"111001102130","SEDE UNO","tarde"
"111001102105","CONFEDERACION SUIZA","manana"
"111001102105","SEDE UNO","tarde"
"111001107816","SEDE UNO","manana"
"111001107816","SEDE UNO","tarde"
"111001102164","MINUTO DE MARIA","manana"
"111001102164","MINUTO DE MARIA","tarde"
"111001045730","SEDE UNO","manana"
"111001045730","SEDE UNO","tarde"
"111001045730","EL PARAISO","unica"
"111001102113","SEDE UNO","manana"
"111001102113","SEDE C ","tarde"
"111001075663","SEDE UNO","manana"
"111001075663","ESTRELLA DEL SUR","tarde"
"111001109304","SEDE UNO","manana"
"111001109304","SEDE UNO","tarde"
"111001044385","SEDE UNO","manana"
"111001044385","SEDE UNO","tarde"
"111001020320","SEDE UNO","manana"
"111001020320","SEDE UNO","tarde"
"111001036561","SEDE UNO","unica"
"111001107115","SEDE UNO","manana"
"111001107115","SEDE UNO","tarde"
"111001047457","SEDE UNO","unica"
"111001092410","SEDE UNO","manana"
"111001092410","SEDE UNO","tarde"
"111001027251","SEDE UNO","unica"
"111001075329","SEDE UNO","manana"
"111001075329","SEDE UNO","tarde"
"111001034240","SEDE UNO","manana"
"111001034240","SEDE UNO","tarde"
"111001047678","SEDE UNO","manana"
"111001047678","PARAISO MIRADOR","tarde"
"111001014524","SEDE UNO","manana"
"111001014524","SEDE UNO","tarde"
"111001014486","SEDE UNO","manana"
"111001014486","SEDE UNO","tarde"
"111001036781","SEDE UNO","unica"
"211850001317","SEDE UNO","unica"
"211850001121","SEDE UNO","manana"
"211850001121","SEDE UNO","tarde"
"211850001171","SEDE UNO","unica"
"111001076937","SEDE UNO","manana"
"111001076937","SEDE UNO","tarde"
"111001030821","COMPARTIR MEISSEN","manana"
"111001030821","SEDE UNO","tarde"
"111001086835","SEDE UNO","manana"
"111001086835","SEDE UNO","tarde"
"111001075752","SEDE UNO","unica"
"111001030830","SEDE UNO","manana"
"111001030830","SEDE UNO","tarde"
"111001102121","VILLA GLORIA","unica"
"111001100013","SEDE UNO","unica"
"111001098973","SEDE UNO","unica"
"111001100021","SEDE UNO","unica"
"311001005109","SEDE UNO","unica"
"311001037213","SEDE UNO","unica"
"311001041113","SEDE UNO","unica"
"311001039780","SEDE UNO","unica"
"311001093016","SEDE UNO","unica"
"311001046263","SEDE UNO","unica"
"311001044881","SEDE UNO","unica"
"211001076346","LAS AURAS","unica"
"211850001473","LA UNION","manana"
"211850001473","TUNAL ALTO","manana"
"211850001473","ERASMO VALENCIA","unica"
